﻿{"users":[{"Properties":{"highvalue":false,"name":"ADMINISTRATOR@EGOTISTICAL-BANK.LOCAL","domain":"EGOTISTICAL-BANK.LOCAL","objectid":"S-1-5-21-2966785786-3096785034-1186376766-500","distinguishedname":"CN=Administrator,CN=Users,DC=EGOTISTICAL-BANK,DC=LOCAL","description":"Built-in account for administering the computer/domain","dontreqpreauth":false,"passwordnotreqd":false,"unconstraineddelegation":false,"sensitive":false,"enabled":true,"pwdneverexpires":true,"lastlogon":1638643669,"lastlogontimestamp":1638643641,"pwdlastset":1627316176,"serviceprincipalnames":[],"hasspn":false,"displayname":null,"email":null,"title":null,"homedirectory":null,"userpassword":null,"admincount":true,"sidhistory":[]},"AllowedToDelegate":[],"SPNTargets":[],"PrimaryGroupSid":"S-1-5-21-2966785786-3096785034-1186376766-513","HasSIDHistory":[],"ObjectIdentifier":"S-1-5-21-2966785786-3096785034-1186376766-500","Aces":[{"PrincipalSID":"S-1-5-21-2966785786-3096785034-1186376766-512","PrincipalType":"Group","RightName":"Owner","AceType":"","IsInherited":false},{"PrincipalSID":"EGOTISTICAL-BANK.LOCAL-S-1-5-32-544","PrincipalType":"Group","RightName":"WriteDacl","AceType":"","IsInherited":false},{"PrincipalSID":"EGOTISTICAL-BANK.LOCAL-S-1-5-32-544","PrincipalType":"Group","RightName":"WriteOwner","AceType":"","IsInherited":false},{"PrincipalSID":"EGOTISTICAL-BANK.LOCAL-S-1-5-32-544","PrincipalType":"Group","RightName":"ExtendedRight","AceType":"All","IsInherited":false},{"PrincipalSID":"EGOTISTICAL-BANK.LOCAL-S-1-5-32-544","PrincipalType":"Group","RightName":"GenericWrite","AceType":"","IsInherited":false},{"PrincipalSID":"S-1-5-21-2966785786-3096785034-1186376766-512","PrincipalType":"Group","RightName":"WriteDacl","AceType":"","IsInherited":false},{"PrincipalSID":"S-1-5-21-2966785786-3096785034-1186376766-512","PrincipalType":"Group","RightName":"WriteOwner","AceType":"","IsInherited":false},{"PrincipalSID":"S-1-5-21-2966785786-3096785034-1186376766-512","PrincipalType":"Group","RightName":"ExtendedRight","AceType":"All","IsInherited":false},{"PrincipalSID":"S-1-5-21-2966785786-3096785034-1186376766-512","PrincipalType":"Group","RightName":"GenericWrite","AceType":"","IsInherited":false},{"PrincipalSID":"S-1-5-21-2966785786-3096785034-1186376766-519","PrincipalType":"Group","RightName":"WriteDacl","AceType":"","IsInherited":false},{"PrincipalSID":"S-1-5-21-2966785786-3096785034-1186376766-519","PrincipalType":"Group","RightName":"WriteOwner","AceType":"","IsInherited":false},{"PrincipalSID":"S-1-5-21-2966785786-3096785034-1186376766-519","PrincipalType":"Group","RightName":"ExtendedRight","AceType":"All","IsInherited":false},{"PrincipalSID":"S-1-5-21-2966785786-3096785034-1186376766-519","PrincipalType":"Group","RightName":"GenericWrite","AceType":"","IsInherited":false}]},{"Properties":{"highvalue":false,"name":"HSMITH@EGOTISTICAL-BANK.LOCAL","domain":"EGOTISTICAL-BANK.LOCAL","objectid":"S-1-5-21-2966785786-3096785034-1186376766-1103","distinguishedname":"CN=Hugo Smith,DC=EGOTISTICAL-BANK,DC=LOCAL","description":null,"dontreqpreauth":false,"passwordnotreqd":false,"unconstraineddelegation":false,"sensitive":false,"enabled":true,"pwdneverexpires":true,"lastlogon":-1,"lastlogontimestamp":-1,"pwdlastset":1579758874,"serviceprincipalnames":["SAUNA/HSmith.EGOTISTICALBANK.LOCAL:60111"],"hasspn":true,"displayname":"Hugo Smith","email":null,"title":null,"homedirectory":null,"userpassword":null,"admincount":false,"sidhistory":[]},"AllowedToDelegate":[],"SPNTargets":[],"PrimaryGroupSid":"S-1-5-21-2966785786-3096785034-1186376766-513","HasSIDHistory":[],"ObjectIdentifier":"S-1-5-21-2966785786-3096785034-1186376766-1103","Aces":[{"PrincipalSID":"S-1-5-21-2966785786-3096785034-1186376766-512","PrincipalType":"Group","RightName":"Owner","AceType":"","IsInherited":false},{"PrincipalSID":"EGOTISTICAL-BANK.LOCAL-S-1-5-32-548","PrincipalType":"Group","RightName":"GenericAll","AceType":"","IsInherited":false},{"PrincipalSID":"S-1-5-21-2966785786-3096785034-1186376766-512","PrincipalType":"Group","RightName":"GenericAll","AceType":"","IsInherited":false},{"PrincipalSID":"S-1-5-21-2966785786-3096785034-1186376766-519","PrincipalType":"Group","RightName":"GenericAll","AceType":"","IsInherited":true},{"PrincipalSID":"EGOTISTICAL-BANK.LOCAL-S-1-5-32-544","PrincipalType":"Group","RightName":"WriteDacl","AceType":"","IsInherited":true},{"PrincipalSID":"EGOTISTICAL-BANK.LOCAL-S-1-5-32-544","PrincipalType":"Group","RightName":"WriteOwner","AceType":"","IsInherited":true},{"PrincipalSID":"EGOTISTICAL-BANK.LOCAL-S-1-5-32-544","PrincipalType":"Group","RightName":"ExtendedRight","AceType":"All","IsInherited":true},{"PrincipalSID":"EGOTISTICAL-BANK.LOCAL-S-1-5-32-544","PrincipalType":"Group","RightName":"GenericWrite","AceType":"","IsInherited":true}]},{"Properties":{"highvalue":false,"name":"FSMITH@EGOTISTICAL-BANK.LOCAL","domain":"EGOTISTICAL-BANK.LOCAL","objectid":"S-1-5-21-2966785786-3096785034-1186376766-1105","distinguishedname":"CN=Fergus Smith,CN=Users,DC=EGOTISTICAL-BANK,DC=LOCAL","description":null,"dontreqpreauth":true,"passwordnotreqd":false,"unconstraineddelegation":false,"sensitive":false,"enabled":true,"pwdneverexpires":true,"lastlogon":1638645915,"lastlogontimestamp":1638645155,"pwdlastset":1579797919,"serviceprincipalnames":[],"hasspn":false,"displayname":"Fergus Smith","email":null,"title":null,"homedirectory":null,"userpassword":null,"admincount":false,"sidhistory":[]},"AllowedToDelegate":[],"SPNTargets":[],"PrimaryGroupSid":"S-1-5-21-2966785786-3096785034-1186376766-513","HasSIDHistory":[],"ObjectIdentifier":"S-1-5-21-2966785786-3096785034-1186376766-1105","Aces":[{"PrincipalSID":"S-1-5-21-2966785786-3096785034-1186376766-512","PrincipalType":"Group","RightName":"Owner","AceType":"","IsInherited":false},{"PrincipalSID":"EGOTISTICAL-BANK.LOCAL-S-1-5-32-548","PrincipalType":"Group","RightName":"GenericAll","AceType":"","IsInherited":false},{"PrincipalSID":"S-1-5-21-2966785786-3096785034-1186376766-512","PrincipalType":"Group","RightName":"GenericAll","AceType":"","IsInherited":false},{"PrincipalSID":"S-1-5-21-2966785786-3096785034-1186376766-519","PrincipalType":"Group","RightName":"GenericAll","AceType":"","IsInherited":true},{"PrincipalSID":"EGOTISTICAL-BANK.LOCAL-S-1-5-32-544","PrincipalType":"Group","RightName":"WriteDacl","AceType":"","IsInherited":true},{"PrincipalSID":"EGOTISTICAL-BANK.LOCAL-S-1-5-32-544","PrincipalType":"Group","RightName":"WriteOwner","AceType":"","IsInherited":true},{"PrincipalSID":"EGOTISTICAL-BANK.LOCAL-S-1-5-32-544","PrincipalType":"Group","RightName":"ExtendedRight","AceType":"All","IsInherited":true},{"PrincipalSID":"EGOTISTICAL-BANK.LOCAL-S-1-5-32-544","PrincipalType":"Group","RightName":"GenericWrite","AceType":"","IsInherited":true}]},{"Properties":{"highvalue":false,"name":"SVC_LOANMGR@EGOTISTICAL-BANK.LOCAL","domain":"EGOTISTICAL-BANK.LOCAL","objectid":"S-1-5-21-2966785786-3096785034-1186376766-1108","distinguishedname":"CN=L Manager,CN=Users,DC=EGOTISTICAL-BANK,DC=LOCAL","description":null,"dontreqpreauth":false,"passwordnotreqd":false,"unconstraineddelegation":false,"sensitive":false,"enabled":true,"pwdneverexpires":true,"lastlogon":-1,"lastlogontimestamp":1638674596,"pwdlastset":1579909711,"serviceprincipalnames":[],"hasspn":false,"displayname":"L Manager","email":null,"title":null,"homedirectory":null,"userpassword":null,"admincount":false,"sidhistory":[]},"AllowedToDelegate":[],"SPNTargets":[],"PrimaryGroupSid":"S-1-5-21-2966785786-3096785034-1186376766-513","HasSIDHistory":[],"ObjectIdentifier":"S-1-5-21-2966785786-3096785034-1186376766-1108","Aces":[{"PrincipalSID":"S-1-5-21-2966785786-3096785034-1186376766-512","PrincipalType":"Group","RightName":"Owner","AceType":"","IsInherited":false},{"PrincipalSID":"EGOTISTICAL-BANK.LOCAL-S-1-5-32-548","PrincipalType":"Group","RightName":"GenericAll","AceType":"","IsInherited":false},{"PrincipalSID":"S-1-5-21-2966785786-3096785034-1186376766-512","PrincipalType":"Group","RightName":"GenericAll","AceType":"","IsInherited":false},{"PrincipalSID":"S-1-5-21-2966785786-3096785034-1186376766-519","PrincipalType":"Group","RightName":"GenericAll","AceType":"","IsInherited":true},{"PrincipalSID":"EGOTISTICAL-BANK.LOCAL-S-1-5-32-544","PrincipalType":"Group","RightName":"WriteDacl","AceType":"","IsInherited":true},{"PrincipalSID":"EGOTISTICAL-BANK.LOCAL-S-1-5-32-544","PrincipalType":"Group","RightName":"WriteOwner","AceType":"","IsInherited":true},{"PrincipalSID":"EGOTISTICAL-BANK.LOCAL-S-1-5-32-544","PrincipalType":"Group","RightName":"ExtendedRight","AceType":"All","IsInherited":true},{"PrincipalSID":"EGOTISTICAL-BANK.LOCAL-S-1-5-32-544","PrincipalType":"Group","RightName":"GenericWrite","AceType":"","IsInherited":true}]},{"Properties":{"highvalue":false,"name":"KRBTGT@EGOTISTICAL-BANK.LOCAL","domain":"EGOTISTICAL-BANK.LOCAL","objectid":"S-1-5-21-2966785786-3096785034-1186376766-502","distinguishedname":"CN=krbtgt,CN=Users,DC=EGOTISTICAL-BANK,DC=LOCAL","description":"Key Distribution Center Service Account","dontreqpreauth":false,"passwordnotreqd":false,"unconstraineddelegation":false,"sensitive":false,"enabled":false,"pwdneverexpires":false,"lastlogon":-1,"lastlogontimestamp":-1,"pwdlastset":1579758330,"serviceprincipalnames":["kadmin/changepw"],"hasspn":true,"displayname":null,"email":null,"title":null,"homedirectory":null,"userpassword":null,"admincount":true,"sidhistory":[]},"AllowedToDelegate":[],"SPNTargets":[],"PrimaryGroupSid":"S-1-5-21-2966785786-3096785034-1186376766-513","HasSIDHistory":[],"ObjectIdentifier":"S-1-5-21-2966785786-3096785034-1186376766-502","Aces":[{"PrincipalSID":"S-1-5-21-2966785786-3096785034-1186376766-512","PrincipalType":"Group","RightName":"Owner","AceType":"","IsInherited":false},{"PrincipalSID":"EGOTISTICAL-BANK.LOCAL-S-1-5-32-544","PrincipalType":"Group","RightName":"WriteDacl","AceType":"","IsInherited":false},{"PrincipalSID":"EGOTISTICAL-BANK.LOCAL-S-1-5-32-544","PrincipalType":"Group","RightName":"WriteOwner","AceType":"","IsInherited":false},{"PrincipalSID":"EGOTISTICAL-BANK.LOCAL-S-1-5-32-544","PrincipalType":"Group","RightName":"ExtendedRight","AceType":"All","IsInherited":false},{"PrincipalSID":"EGOTISTICAL-BANK.LOCAL-S-1-5-32-544","PrincipalType":"Group","RightName":"GenericWrite","AceType":"","IsInherited":false},{"PrincipalSID":"S-1-5-21-2966785786-3096785034-1186376766-512","PrincipalType":"Group","RightName":"WriteDacl","AceType":"","IsInherited":false},{"PrincipalSID":"S-1-5-21-2966785786-3096785034-1186376766-512","PrincipalType":"Group","RightName":"WriteOwner","AceType":"","IsInherited":false},{"PrincipalSID":"S-1-5-21-2966785786-3096785034-1186376766-512","PrincipalType":"Group","RightName":"ExtendedRight","AceType":"All","IsInherited":false},{"PrincipalSID":"S-1-5-21-2966785786-3096785034-1186376766-512","PrincipalType":"Group","RightName":"GenericWrite","AceType":"","IsInherited":false},{"PrincipalSID":"S-1-5-21-2966785786-3096785034-1186376766-519","PrincipalType":"Group","RightName":"WriteDacl","AceType":"","IsInherited":false},{"PrincipalSID":"S-1-5-21-2966785786-3096785034-1186376766-519","PrincipalType":"Group","RightName":"WriteOwner","AceType":"","IsInherited":false},{"PrincipalSID":"S-1-5-21-2966785786-3096785034-1186376766-519","PrincipalType":"Group","RightName":"ExtendedRight","AceType":"All","IsInherited":false},{"PrincipalSID":"S-1-5-21-2966785786-3096785034-1186376766-519","PrincipalType":"Group","RightName":"GenericWrite","AceType":"","IsInherited":false}]},{"Properties":{"highvalue":false,"name":"GUEST@EGOTISTICAL-BANK.LOCAL","domain":"EGOTISTICAL-BANK.LOCAL","objectid":"S-1-5-21-2966785786-3096785034-1186376766-501","distinguishedname":"CN=Guest,CN=Users,DC=EGOTISTICAL-BANK,DC=LOCAL","description":"Built-in account for guest access to the computer/domain","dontreqpreauth":false,"passwordnotreqd":true,"unconstraineddelegation":false,"sensitive":false,"enabled":false,"pwdneverexpires":true,"lastlogon":-1,"lastlogontimestamp":-1,"pwdlastset":-1,"serviceprincipalnames":[],"hasspn":false,"displayname":null,"email":null,"title":null,"homedirectory":null,"userpassword":null,"admincount":false,"sidhistory":[]},"AllowedToDelegate":[],"SPNTargets":[],"PrimaryGroupSid":"S-1-5-21-2966785786-3096785034-1186376766-514","HasSIDHistory":[],"ObjectIdentifier":"S-1-5-21-2966785786-3096785034-1186376766-501","Aces":[{"PrincipalSID":"EGOTISTICAL-BANK.LOCAL-S-1-5-32-544","PrincipalType":"Group","RightName":"Owner","AceType":"","IsInherited":false},{"PrincipalSID":"EGOTISTICAL-BANK.LOCAL-S-1-5-32-548","PrincipalType":"Group","RightName":"GenericAll","AceType":"","IsInherited":false},{"PrincipalSID":"S-1-5-21-2966785786-3096785034-1186376766-512","PrincipalType":"Group","RightName":"GenericAll","AceType":"","IsInherited":false},{"PrincipalSID":"S-1-5-21-2966785786-3096785034-1186376766-519","PrincipalType":"Group","RightName":"GenericAll","AceType":"","IsInherited":true},{"PrincipalSID":"EGOTISTICAL-BANK.LOCAL-S-1-5-32-544","PrincipalType":"Group","RightName":"WriteDacl","AceType":"","IsInherited":true},{"PrincipalSID":"EGOTISTICAL-BANK.LOCAL-S-1-5-32-544","PrincipalType":"Group","RightName":"WriteOwner","AceType":"","IsInherited":true},{"PrincipalSID":"EGOTISTICAL-BANK.LOCAL-S-1-5-32-544","PrincipalType":"Group","RightName":"ExtendedRight","AceType":"All","IsInherited":true},{"PrincipalSID":"EGOTISTICAL-BANK.LOCAL-S-1-5-32-544","PrincipalType":"Group","RightName":"GenericWrite","AceType":"","IsInherited":true}]}],"meta":{"count":6,"type":"users","version":3}}