﻿{"computers":[{"Properties":{"haslaps":false,"highvalue":false,"name":"SAUNA.EGOTISTICAL-BANK.LOCAL","domain":"EGOTISTICAL-BANK.LOCAL","objectid":"S-1-5-21-2966785786-3096785034-1186376766-1000","distinguishedname":"CN=SAUNA,OU=Domain Controllers,DC=EGOTISTICAL-BANK,DC=LOCAL","description":null,"enabled":true,"unconstraineddelegation":true,"serviceprincipalnames":["Dfsr-12F9A27C-BF97-4787-9364-D31B6C55EB04/SAUNA.EGOTISTICAL-BANK.LOCAL","ldap/SAUNA.EGOTISTICAL-BANK.LOCAL/ForestDnsZones.EGOTISTICAL-BANK.LOCAL","ldap/SAUNA.EGOTISTICAL-BANK.LOCAL/DomainDnsZones.EGOTISTICAL-BANK.LOCAL","DNS/SAUNA.EGOTISTICAL-BANK.LOCAL","GC/SAUNA.EGOTISTICAL-BANK.LOCAL/EGOTISTICAL-BANK.LOCAL","RestrictedKrbHost/SAUNA.EGOTISTICAL-BANK.LOCAL","RestrictedKrbHost/SAUNA","RPC/b3e0be40-25c6-44ec-b2b9-9ff85c44b2ec._msdcs.EGOTISTICAL-BANK.LOCAL","HOST/SAUNA/EGOTISTICALBANK","HOST/SAUNA.EGOTISTICAL-BANK.LOCAL/EGOTISTICALBANK","HOST/SAUNA","HOST/SAUNA.EGOTISTICAL-BANK.LOCAL","HOST/SAUNA.EGOTISTICAL-BANK.LOCAL/EGOTISTICAL-BANK.LOCAL","E3514235-4B06-11D1-AB04-00C04FC2DCD2/b3e0be40-25c6-44ec-b2b9-9ff85c44b2ec/EGOTISTICAL-BANK.LOCAL","ldap/SAUNA/EGOTISTICALBANK","ldap/b3e0be40-25c6-44ec-b2b9-9ff85c44b2ec._msdcs.EGOTISTICAL-BANK.LOCAL","ldap/SAUNA.EGOTISTICAL-BANK.LOCAL/EGOTISTICALBANK","ldap/SAUNA","ldap/SAUNA.EGOTISTICAL-BANK.LOCAL","ldap/SAUNA.EGOTISTICAL-BANK.LOCAL/EGOTISTICAL-BANK.LOCAL"],"lastlogontimestamp":1638643636,"pwdlastset":1638643624,"operatingsystem":"Windows Server 2019 Datacenter"},"AllowedToDelegate":[],"AllowedToAct":[],"PrimaryGroupSid":"S-1-5-21-2966785786-3096785034-1186376766-516","Sessions":[],"LocalAdmins":[{"MemberId":"S-1-5-21-2966785786-3096785034-1186376766-500","MemberType":"User"},{"MemberId":"S-1-5-21-2966785786-3096785034-1186376766-519","MemberType":"Group"},{"MemberId":"S-1-5-21-2966785786-3096785034-1186376766-512","MemberType":"Group"}],"RemoteDesktopUsers":[],"DcomUsers":[],"PSRemoteUsers":[{"MemberId":"S-1-5-21-2966785786-3096785034-1186376766-1105","MemberType":"User"},{"MemberId":"S-1-5-21-2966785786-3096785034-1186376766-1108","MemberType":"User"}],"ObjectIdentifier":"S-1-5-21-2966785786-3096785034-1186376766-1000","Aces":[{"PrincipalSID":"S-1-5-21-2966785786-3096785034-1186376766-512","PrincipalType":"Group","RightName":"Owner","AceType":"","IsInherited":false},{"PrincipalSID":"S-1-5-21-2966785786-3096785034-1186376766-512","PrincipalType":"Group","RightName":"GenericAll","AceType":"","IsInherited":false},{"PrincipalSID":"S-1-5-21-2966785786-3096785034-1186376766-519","PrincipalType":"Group","RightName":"GenericAll","AceType":"","IsInherited":true},{"PrincipalSID":"EGOTISTICAL-BANK.LOCAL-S-1-5-32-544","PrincipalType":"Group","RightName":"WriteDacl","AceType":"","IsInherited":true},{"PrincipalSID":"EGOTISTICAL-BANK.LOCAL-S-1-5-32-544","PrincipalType":"Group","RightName":"WriteOwner","AceType":"","IsInherited":true},{"PrincipalSID":"EGOTISTICAL-BANK.LOCAL-S-1-5-32-544","PrincipalType":"Group","RightName":"GenericWrite","AceType":"","IsInherited":true}]}],"meta":{"count":1,"type":"computers","version":3}}