﻿{"data":[{"Properties":{"domain":"SUPPORT.HTB","name":"DEFAULT DOMAIN CONTROLLERS POLICY@SUPPORT.HTB","distinguishedname":"CN={6AC1786C-016F-11D2-945F-00C04FB984F9},CN=POLICIES,CN=SYSTEM,DC=SUPPORT,DC=HTB","domainsid":"S-1-5-21-1677581083-3380853377-188903654","highvalue":false,"description":null,"whencreated":1653710515,"gpcpath":"\\\\SUPPORT.HTB\\SYSVOL\\SUPPORT.HTB\\POLICIES\\{6AC1786C-016F-11D2-945F-00C04FB984F9}"},"Aces":[{"PrincipalSID":"S-1-5-21-1677581083-3380853377-188903654-512","PrincipalType":"Group","RightName":"Owns","IsInherited":false},{"PrincipalSID":"S-1-5-21-1677581083-3380853377-188903654-512","PrincipalType":"Group","RightName":"WriteDacl","IsInherited":false},{"PrincipalSID":"S-1-5-21-1677581083-3380853377-188903654-512","PrincipalType":"Group","RightName":"WriteOwner","IsInherited":false},{"PrincipalSID":"S-1-5-21-1677581083-3380853377-188903654-512","PrincipalType":"Group","RightName":"GenericWrite","IsInherited":false},{"PrincipalSID":"S-1-5-21-1677581083-3380853377-188903654-512","PrincipalType":"Group","RightName":"WriteDacl","IsInherited":false},{"PrincipalSID":"S-1-5-21-1677581083-3380853377-188903654-512","PrincipalType":"Group","RightName":"WriteOwner","IsInherited":false},{"PrincipalSID":"S-1-5-21-1677581083-3380853377-188903654-512","PrincipalType":"Group","RightName":"GenericWrite","IsInherited":false},{"PrincipalSID":"S-1-5-21-1677581083-3380853377-188903654-519","PrincipalType":"Group","RightName":"WriteDacl","IsInherited":false},{"PrincipalSID":"S-1-5-21-1677581083-3380853377-188903654-519","PrincipalType":"Group","RightName":"WriteOwner","IsInherited":false},{"PrincipalSID":"S-1-5-21-1677581083-3380853377-188903654-519","PrincipalType":"Group","RightName":"GenericWrite","IsInherited":false}],"ObjectIdentifier":"7FDFC447-ADE5-4075-A37E-DDF85850C703","IsDeleted":false,"IsACLProtected":true},{"Properties":{"domain":"SUPPORT.HTB","name":"DEFAULT DOMAIN POLICY@SUPPORT.HTB","distinguishedname":"CN={31B2F340-016D-11D2-945F-00C04FB984F9},CN=POLICIES,CN=SYSTEM,DC=SUPPORT,DC=HTB","domainsid":"S-1-5-21-1677581083-3380853377-188903654","highvalue":false,"description":null,"whencreated":1653710515,"gpcpath":"\\\\SUPPORT.HTB\\SYSVOL\\SUPPORT.HTB\\POLICIES\\{31B2F340-016D-11D2-945F-00C04FB984F9}"},"Aces":[{"PrincipalSID":"S-1-5-21-1677581083-3380853377-188903654-512","PrincipalType":"Group","RightName":"Owns","IsInherited":false},{"PrincipalSID":"S-1-5-21-1677581083-3380853377-188903654-512","PrincipalType":"Group","RightName":"WriteDacl","IsInherited":false},{"PrincipalSID":"S-1-5-21-1677581083-3380853377-188903654-512","PrincipalType":"Group","RightName":"WriteOwner","IsInherited":false},{"PrincipalSID":"S-1-5-21-1677581083-3380853377-188903654-512","PrincipalType":"Group","RightName":"GenericWrite","IsInherited":false},{"PrincipalSID":"S-1-5-21-1677581083-3380853377-188903654-512","PrincipalType":"Group","RightName":"WriteDacl","IsInherited":false},{"PrincipalSID":"S-1-5-21-1677581083-3380853377-188903654-512","PrincipalType":"Group","RightName":"WriteOwner","IsInherited":false},{"PrincipalSID":"S-1-5-21-1677581083-3380853377-188903654-512","PrincipalType":"Group","RightName":"GenericWrite","IsInherited":false},{"PrincipalSID":"S-1-5-21-1677581083-3380853377-188903654-519","PrincipalType":"Group","RightName":"WriteDacl","IsInherited":false},{"PrincipalSID":"S-1-5-21-1677581083-3380853377-188903654-519","PrincipalType":"Group","RightName":"WriteOwner","IsInherited":false},{"PrincipalSID":"S-1-5-21-1677581083-3380853377-188903654-519","PrincipalType":"Group","RightName":"GenericWrite","IsInherited":false}],"ObjectIdentifier":"8A7B7892-90C1-4054-B626-AAB19E69F100","IsDeleted":false,"IsACLProtected":true}],"meta":{"methods":29695,"type":"gpos","count":2,"version":5}}